group,theta,phi,eta_g,eta_t,p_th,p_th_error,p_th_Z,p_th_X,scheme,code,decoder,distances
axis,0,0,1.0,20.0,0.004682713849988212,,,,pairs,css,uniform,3 5
axis,0,1.5707963267948966,1.0,20.0,0.004862343633120002,,,,pairs,css,uniform,3 5
axis,1.5707963267948966,0,1.0,20.0,0.005088760039774727,,,,pairs,css,uniform,3 5
surface,0.0,0.0,1.0,20.0,0.004912258646556263,0.0004896955660118399,0.005674099214625356,0.004912258646556263,pairs,css,uniform,3 5
surface,0.13501258512474457,0.0,1.0,20.0,0.004525689152737417,0.00037505711210531097,0.00520233065037151,0.004525689152737417,pairs,css,uniform,3 5
surface,0.3010517938093613,0.0,1.0,20.0,0.004118862081735491,0.00033037080341731875,0.00490288015971741,0.004118862081735491,pairs,css,uniform,3 5
surface,0.4977278380650895,0.0,1.0,20.0,0.0040063275516476985,0.0002560635452451255,0.0046500951534496305,0.0040063275516476985,pairs,css,uniform,3 5
surface,0.7156320627009602,0.0,1.0,20.0,0.0038684936377422693,0.00022981150323221362,0.004210657431443566,0.0038684936377422693,pairs,css,uniform,3 5
surface,0.9362080597838028,0.0,1.0,20.0,0.0039245446328078845,0.00021898069441996914,0.004513831276006983,0.0039245446328078845,pairs,css,uniform,3 5
surface,1.1395720646440985,0.0,1.0,20.0,0.004575974218804679,0.00021920834581100248,0.004757388022234475,0.004575974218804679,pairs,css,uniform,3 5
surface,1.3136985209035974,0.0,1.0,20.0,0.004893352982222886,0.00033586900089175014,0.004894872751457689,0.004893352982222886,pairs,css,uniform,3 5
surface,1.4562737327696664,0.0,1.0,20.0,0.005312029337731734,0.0,0.005312029337731734,0.00554855754571979,pairs,css,uniform,3 5
surface,1.5707963267948966,0.0,1.0,20.0,0.0065072643003746995,0.000560457977090199,0.0065072643003746995,0.00670889945414745,pairs,css,uniform,3 5
surface,0.0,0.1290734287879978,1.0,20.0,0.004872965605605516,0.0004424533187911755,0.005793929870243243,0.004872965605605516,pairs,css,uniform,3 5
surface,0.15237389960563702,0.14726331234566833,1.0,20.0,0.004183373476504076,0.0002512980533589011,0.005077323082071937,0.004183373476504076,pairs,css,uniform,3 5
surface,0.34283662362533157,0.1713627258678502,1.0,20.0,0.0037244067291144103,0.00020023692092012912,0.004513340197539721,0.0037244067291144103,pairs,css,uniform,3 5
surface,0.5681814601137525,0.20476151796689754,1.0,20.0,0.0035492569595412136,0.0002218285599713257,0.004229781863860027,0.0035492569595412136,pairs,css,uniform,3 5
surface,0.8106621913765734,0.25398402526363456,1.0,20.0,0.003493073293709461,0.00019905380901653197,0.004223101903452473,0.003493073293709461,pairs,css,uniform,3 5
surface,1.0420299556415933,0.3332141321551692,1.0,20.0,0.00394123111158818,0.0002425372991746574,0.004538479210805773,0.00394123111158818,pairs,css,uniform,3 5
surface,1.2380358769488056,0.4788736833686401,1.0,20.0,0.004244039908514381,0.0003424237230410269,0.004544280437619698,0.004244039908514381,pairs,css,uniform,3 5
surface,1.3835080671058153,0.8042150832594621,1.0,20.0,0.004950418567612512,0.0002506541046892411,0.005218154420689834,0.004950418567612512,pairs,css,uniform,3 5
surface,1.451921143342372,1.5707963267948966,1.0,20.0,0.005676287530567596,0.0003615469764692743,0.006114809024607748,0.005676287530567596,pairs,css,uniform,3 5
surface,0.0,0.28840294394124144,1.0,20.0,0.0039631673771823705,0.00037521111263265046,0.005944201440120286,0.0039631673771823705,pairs,css,uniform,3 5
surface,0.16951382325708264,0.3332141321551691,1.0,20.0,0.0036503361338802833,0.00025981040098792003,0.005370833458813223,0.0036503361338802833,pairs,css,uniform,3 5
surface,0.3817433920536666,0.39366364888498107,1.0,20.0,0.003517865867599515,0.00031374500491411494,0.004417580823267628,0.003517865867599515,pairs,css,uniform,3 5
surface,0.6262286327001811,0.47887368336864,1.0,20.0,0.003386580808210056,0.0003115252375504806,0.004368052793180924,0.003386580808210056,pairs,css,uniform,3 5
surface,0.8724987458397486,0.605498986837471,1.0,20.0,0.003500873012583792,0.0002721658465586977,0.004298590970762176,0.003500873012583792,pairs,css,uniform,3 5
surface,1.0829492172884392,0.8042150832594623,1.0,20.0,0.003994199042782762,0.0002603531967473667,0.004436381301387003,0.003994199042782762,pairs,css,uniform,3 5
surface,1.2310029800135314,1.1220348322199216,1.0,20.0,0.004443981796536106,0.00024603359427189525,0.0,0.004443981796536106,pairs,css,uniform,3 5
surface,1.3042887030668793,1.5707963267948961,1.0,20.0,0.005277761825287129,0.00042052471189097437,0.006348941950288513,0.005277761825287129,pairs,css,uniform,3 5
surface,0.0,0.47887368336864006,1.0,20.0,0.003857443148198707,0.00024627673118270653,0.006609090641321819,0.003857443148198707,pairs,css,uniform,3 5
surface,0.1824194809521739,0.5571714275977808,1.0,20.0,0.0034218887136877527,0.00021438338929128048,0.005786290132121398,0.0034218887136877527,pairs,css,uniform,3 5
surface,0.40499441083896726,0.6616611901293883,1.0,20.0,0.003412160793392883,0.00025511482567423414,0.005397937392195711,0.003412160793392883,pairs,css,uniform,3 5
surface,0.6459457180469874,0.8042150832594622,1.0,20.0,0.003391931609279379,0.0002087342528787309,0.0052361461730658955,0.003391931609279379,pairs,css,uniform,3 5
surface,0.8653634844909508,1.0000386946334834,1.0,20.0,0.003571546329555715,0.00022432323290166,0.005037491203968965,0.003571546329555715,pairs,css,uniform,3 5
surface,1.0288193585074403,1.2601693227839645,1.0,20.0,0.0040980537292764204,0.0002480400941404148,0.00603595612109695,0.0040980537292764204,pairs,css,uniform,3 5
surface,1.1251039566475658,1.5707963267948963,1.0,20.0,0.004499565493250326,0.00030461275099373606,0.0,0.004499565493250326,pairs,css,uniform,3 5
surface,0.0,0.6931751523671893,1.0,20.0,0.0039576628866275,0.0003637851744273772,0.007483389063440771,0.0039576628866275,pairs,css,uniform,3 5
surface,0.18627197997374365,0.8042150832594622,1.0,20.0,0.003384921942447232,0.00017698938261162013,0.0067845930001121,0.003384921942447232,pairs,css,uniform,3 5
surface,0.40119299266337055,0.9452649597270956,1.0,20.0,0.0035433633992797147,0.00016499945980347945,0.006225842117034778,0.0035433633992797147,pairs,css,uniform,3 5
surface,0.6155450577119123,1.1220348322199218,1.0,20.0,0.0033457429166960278,0.0002448104573192218,0.0,0.0033457429166960278,pairs,css,uniform,3 5
surface,0.7940671661495697,1.334528855604604,1.0,20.0,0.00406697383112901,0.000337352668019918,0.006715238551171514,0.00406697383112901,pairs,css,uniform,3 5
surface,0.9181394215449988,1.5707963267948966,1.0,20.0,0.004587803928705249,0.0003544811356503315,0.007715456128243989,0.004587803928705249,pairs,css,uniform,3 5
surface,0.0,0.9143379506527596,1.0,20.0,0.004054172412776728,0.0003031156944132132,0.009291529382723216,0.004054172412776728,pairs,css,uniform,3 5
surface,0.17928644101688088,1.0468346997081117,1.0,20.0,0.0037402934321736107,0.00031111920903707097,0.008980421654236412,0.0037402934321736107,pairs,css,uniform,3 5
surface,0.3724143144492311,1.203093476410036,1.0,20.0,0.0038368408902044304,0.00021102624896124356,0.008574561651588618,0.0038368408902044304,pairs,css,uniform,3 5
surface,0.5525400769852933,1.3805151877333202,1.0,20.0,0.004136394600751513,0.0003523218988355113,0.008586108996645948,0.004136394600751513,pairs,css,uniform,3 5
surface,0.697046612462319,1.5707963267948966,1.0,20.0,0.0043750836216544815,0.00026480769288961346,0.009009218247222716,0.0043750836216544815,pairs,css,uniform,3 5
surface,0.0,1.1220348322199218,1.0,20.0,0.004074429313294349,0.00027675368920489826,0.012011878871740418,0.004074429313294349,pairs,css,uniform,3 5
surface,0.1645776301127531,1.2601693227839645,1.0,20.0,0.004423888687750108,0.00036934353840827744,0.011142887560236018,0.004423888687750108,pairs,css,uniform,3 5
surface,0.3317186375739035,1.4116443291899383,1.0,20.0,0.004243986004704589,0.00019290845475929998,0.01156032284035508,0.004243986004704589,pairs,css,uniform,3 5
surface,0.48209976219968337,1.5707963267948966,1.0,20.0,0.004684895032777805,0.0003964271164344068,0.011926161985503957,0.004684895032777805,pairs,css,uniform,3 5
surface,0.0,1.3022821802049775,1.0,20.0,0.004694966000290491,0.0003169597299774165,0.0,0.004694966000290491,pairs,css,uniform,3 5
surface,0.14704507253162505,1.4340750766062733,1.0,20.0,0.004980921702018417,0.00037892897833173133,0.018413680563138416,0.004980921702018417,pairs,css,uniform,3 5
surface,0.29055623244354517,1.5707963267948966,1.0,20.0,0.005071150776028601,0.0004111743872455614,0.018516832949425997,0.005071150776028601,pairs,css,uniform,3 5
surface,0.0,1.4509907229424142,1.0,20.0,0.005447974560009608,0.00036913846317822123,0.035629589965016105,0.005447974560009608,pairs,css,uniform,3 5
surface,0.13008194090628575,1.5707963267948966,1.0,20.0,0.005660829307286956,0.0003932130480284032,0.03574555890675172,0.005660829307286956,pairs,css,uniform,3 5
surface,0.0,1.5707963267948966,1.0,20.0,0.006187267956430478,0.0005145337177904765,0.0,0.006187267956430478,pairs,css,uniform,3 5
g_bias,0,0,0.01,20.0,0.0132523862551954,0.0023566599114319756,0.0,0.0132523862551954,pairs,css,uniform,3 5
g_bias,0,0,0.03162277660168379,20.0,0.012622129924865347,0.0022160991471137648,0.0,0.012622129924865347,pairs,css,uniform,3 5
g_bias,0,0,0.1,20.0,0.010523459944514405,0.0024840785276750744,0.03255538420988996,0.010523459944514405,pairs,css,uniform,3 5
g_bias,0,0,0.31622776601683794,20.0,0.007061235170617145,0.0008176167039661954,0.01312680530058778,0.007061235170617145,pairs,css,uniform,3 5
g_bias,0,0,1.0,20.0,0.004513784778920817,0.0006892306099549753,0.006310323792149358,0.004513784778920817,pairs,css,uniform,3 5
g_bias,0,0,3.1622776601683795,20.0,0.003394650284205547,0.0007677620268950859,0.003552403610335885,0.003394650284205547,pairs,css,uniform,3 5
g_bias,0,0,10.0,20.0,0.003181515967296181,0.0009808963438044521,0.003181515967296181,0.003227600673764724,pairs,css,uniform,3 5
g_bias,0,0,31.622776601683793,20.0,0.003123274871463186,0.001039137439637447,0.0,0.003123274871463186,pairs,css,uniform,3 5
g_bias,0,0,100.0,20.0,0.0026223197559933995,0.000541113600443083,0.0031351845942223277,0.0026223197559933995,pairs,css,uniform,3 5
t_bias,0,1.5707963267948966,1.0,0.01,0.005798794999498668,0.0006843298446613339,0.005798794999498668,0.011396734063030661,pairs,css,uniform,3 5
t_bias,0,1.5707963267948966,1.0,0.03162277660168379,0.006493083561278527,0.0010705620902414746,0.006493083561278527,0.01103510611771915,pairs,css,uniform,3 5
t_bias,0,1.5707963267948966,1.0,0.1,0.006342187347547828,0.0009395833107478258,0.006342187347547828,0.010842988521409792,pairs,css,uniform,3 5
t_bias,0,1.5707963267948966,1.0,0.31622776601683794,0.007798541479206958,0.0008456249796730438,0.007798541479206958,0.0,pairs,css,uniform,3 5
t_bias,0,1.5707963267948966,1.0,1.0,0.007942775759365616,0.0007013906995143853,0.011422040817959056,0.007942775759365616,pairs,css,uniform,3 5
t_bias,0,1.5707963267948966,1.0,3.1622776601683795,0.006696716166545118,0.0008669294849748838,0.02409269367762162,0.006696716166545118,pairs,css,uniform,3 5
t_bias,0,1.5707963267948966,1.0,10.0,0.005762777639253335,0.0007203472049066668,0.05909098165250001,0.005762777639253335,pairs,css,uniform,3 5
t_bias,0,1.5707963267948966,1.0,31.622776601683793,0.005890581175607743,0.0005925436685522588,0.0,0.005890581175607743,pairs,css,uniform,3 5
t_bias,0,1.5707963267948966,1.0,100.0,0.005756567749555864,0.000726557094604138,0.0,0.005756567749555864,pairs,css,uniform,3 5
