scheme,code,distance,basis,rounds,noise,eta,p,shots_max,max_errors,qubits,shots,errors,ler
method_a,css,3,X,3,spin,10.0,0.0003,100000000,100,270,2700000,101,3.740740740740741e-05
method_c,css,3,X,3,spin,10.0,0.0003,100000000,100,270,4900000,102,2.0816326530612243e-05
method_b,css,3,X,3,spin,10.0,0.0003,100000000,100,270,5600000,100,1.785714285714286e-05
pairs,css,3,X,3,spin,10.0,0.0003,100000000,100,432,8900000,100,1.1235955056179776e-05
method_a,x3z3,3,X,3,spin,10.0,0.0003,100000000,100,270,26100000,101,3.869731800766283e-06
method_a,x3z3,3,Z,3,spin,10.0,0.0003,100000000,100,270,32500000,100,3.076923076923077e-06
method_c,x3z3,3,X,3,spin,10.0,0.0003,100000000,100,270,37000000,100,2.7027027027027026e-06
method_b,x3z3,3,Z,3,spin,10.0,0.0003,100000000,100,270,45800000,100,2.1834061135371177e-06
method_b,x3z3,3,X,3,spin,10.0,0.0003,100000000,100,270,49500000,100,2.02020202020202e-06
method_c,x3z3,3,Z,3,spin,10.0,0.0003,100000000,100,270,47000000,100,2.1276595744680853e-06
pairs,x3z3,3,Z,3,spin,10.0,0.0003,100000000,100,432,69800000,100,1.4326647564469915e-06
pairs,x3z3,3,X,3,spin,10.0,0.0003,100000000,100,432,70000000,100,1.4285714285714286e-06
method_c,css,3,Z,3,spin,10.0,0.0003,100000000,100,270,100000000,5,5e-08
method_b,css,3,Z,3,spin,10.0,0.0003,100000000,100,270,100000000,9,9e-08
method_a,css,3,Z,3,spin,10.0,0.0003,100000000,100,270,100000000,16,1.6e-07
pairs,css,3,Z,3,spin,10.0,0.0003,100000000,100,432,100000000,7,7e-08
method_c,css,5,Z,5,spin,10.0,0.0003,100000000,100,750,100000000,0,0.0
method_b,css,5,Z,5,spin,10.0,0.0003,100000000,100,750,100000000,0,0.0
method_b,x3z3,5,Z,5,spin,10.0,0.0003,100000000,100,750,100000000,2,2e-08
method_c,css,5,X,5,spin,10.0,0.0003,100000000,100,750,100000000,16,1.6e-07
method_b,css,5,X,5,spin,10.0,0.0003,100000000,100,750,100000000,25,2.5e-07
method_b,x3z3,5,X,5,spin,10.0,0.0003,100000000,100,750,100000000,1,1e-08
method_c,x3z3,5,X,5,spin,10.0,0.0003,100000000,100,750,100000000,0,0.0
method_c,x3z3,5,Z,5,spin,10.0,0.0003,100000000,100,750,100000000,1,1e-08
pairs,css,5,Z,5,spin,10.0,0.0003,100000000,100,1200,100000000,0,0.0
pairs,x3z3,5,X,5,spin,10.0,0.0003,100000000,100,1200,100000000,0,0.0
pairs,x3z3,5,Z,5,spin,10.0,0.0003,100000000,100,1200,100000000,0,0.0
pairs,css,5,X,5,spin,10.0,0.0003,100000000,100,1200,100000000,8,8e-08
method_a,css,5,Z,5,spin,10.0,0.0003,100000000,100,750,100000000,0,0.0
method_a,x3z3,5,Z,5,spin,10.0,0.0003,100000000,100,750,100000000,2,2e-08
method_a,css,5,X,5,spin,10.0,0.0003,100000000,100,750,100000000,59,5.9e-07
method_a,x3z3,5,X,5,spin,10.0,0.0003,100000000,100,750,100000000,0,0.0
