scheme,distance,rounds,noise,eta,p,shots,errors,ler
pairs,3,3,spin,10.0,0.0001,10000,0,0.0
pairs,3,3,spin,10.0,0.00017782794100389227,10000,0,0.0
pairs,3,3,spin,10.0,0.00031622776601683794,10000,0,0.0
pairs,3,3,spin,10.0,0.0005623413251903491,10000,0,0.0
pairs,3,3,spin,10.0,0.001,10000,0,0.0
pairs,3,3,spin,10.0,0.0017782794100389228,10000,24,0.0024
pairs,3,3,spin,10.0,0.0031622776601683794,10000,482,0.0482
pairs,3,3,spin,10.0,0.005623413251903491,10000,3028,0.3028
pairs,3,3,spin,10.0,0.01,10000,4892,0.4892
pairs,5,5,spin,10.0,0.0001,10000,0,0.0
pairs,5,5,spin,10.0,0.00017782794100389227,10000,0,0.0
pairs,5,5,spin,10.0,0.00031622776601683794,10000,0,0.0
pairs,5,5,spin,10.0,0.0005623413251903491,10000,0,0.0
pairs,5,5,spin,10.0,0.001,10000,0,0.0
pairs,5,5,spin,10.0,0.0017782794100389228,10000,17,0.0017
pairs,5,5,spin,10.0,0.0031622776601683794,10000,1160,0.116
pairs,5,5,spin,10.0,0.005623413251903491,10000,4784,0.4784
pairs,5,5,spin,10.0,0.01,10000,5068,0.5068
pairs,7,7,spin,10.0,0.0001,10000,0,0.0
pairs,7,7,spin,10.0,0.00017782794100389227,10000,0,0.0
pairs,7,7,spin,10.0,0.00031622776601683794,10000,0,0.0
pairs,7,7,spin,10.0,0.0005623413251903491,10000,0,0.0
pairs,7,7,spin,10.0,0.001,10000,0,0.0
pairs,7,7,spin,10.0,0.0017782794100389228,10000,10,0.001
pairs,7,7,spin,10.0,0.0031622776601683794,10000,2287,0.2287
pairs,7,7,spin,10.0,0.005623413251903491,10000,5098,0.5098
pairs,7,7,spin,10.0,0.01,10000,4913,0.4913
one_ancilla,3,3,spin,10.0,0.0001,10000,0,0.0
one_ancilla,3,3,spin,10.0,0.00017782794100389227,10000,0,0.0
one_ancilla,3,3,spin,10.0,0.00031622776601683794,10000,0,0.0
one_ancilla,3,3,spin,10.0,0.0005623413251903491,10000,0,0.0
one_ancilla,3,3,spin,10.0,0.001,10000,0,0.0
one_ancilla,3,3,spin,10.0,0.0017782794100389228,10000,40,0.004
one_ancilla,3,3,spin,10.0,0.0031622776601683794,10000,785,0.0785
one_ancilla,3,3,spin,10.0,0.005623413251903491,10000,3463,0.3463
one_ancilla,3,3,spin,10.0,0.01,10000,4872,0.4872
one_ancilla,5,5,spin,10.0,0.0001,10000,0,0.0
one_ancilla,5,5,spin,10.0,0.00017782794100389227,10000,0,0.0
one_ancilla,5,5,spin,10.0,0.00031622776601683794,10000,0,0.0
one_ancilla,5,5,spin,10.0,0.0005623413251903491,10000,0,0.0
one_ancilla,5,5,spin,10.0,0.001,10000,0,0.0
one_ancilla,5,5,spin,10.0,0.0017782794100389228,10000,40,0.004
one_ancilla,5,5,spin,10.0,0.0031622776601683794,10000,1913,0.1913
one_ancilla,5,5,spin,10.0,0.005623413251903491,10000,4939,0.4939
one_ancilla,5,5,spin,10.0,0.01,10000,4922,0.4922
one_ancilla,7,7,spin,10.0,0.0001,10000,0,0.0
one_ancilla,7,7,spin,10.0,0.00017782794100389227,10000,0,0.0
one_ancilla,7,7,spin,10.0,0.00031622776601683794,10000,0,0.0
one_ancilla,7,7,spin,10.0,0.0005623413251903491,10000,0,0.0
one_ancilla,7,7,spin,10.0,0.001,10000,0,0.0
one_ancilla,7,7,spin,10.0,0.0017782794100389228,10000,36,0.0036
one_ancilla,7,7,spin,10.0,0.0031622776601683794,10000,3420,0.342
one_ancilla,7,7,spin,10.0,0.005623413251903491,10000,5056,0.5056
one_ancilla,7,7,spin,10.0,0.01,10000,5044,0.5044
