distance,rounds,noise,eta,p,shots_max,shots,errors,ler
3,3,spin,10.0,0.0001,10000,10000,0,0.0
3,3,spin,10.0,0.00017782794100389227,10000,10000,0,0.0
3,3,spin,10.0,0.00031622776601683794,10000,10000,0,0.0
3,3,spin,10.0,0.0005623413251903491,10000,10000,0,0.0
3,3,spin,10.0,0.001,10000,10000,1,0.0001
3,3,spin,10.0,0.0017782794100389228,10000,10000,32,0.0032
3,3,spin,10.0,0.0031622776601683794,10000,10000,458,0.0458
3,3,spin,10.0,0.005623413251903491,10000,10000,3020,0.302
3,3,spin,10.0,0.01,10000,10000,4889,0.4889
